debate_id,experiment_name,condition,topic_name,round,speaker,agent_name,agent_type,assigned_stance,assigned_stance_score,judged_stance_score,aligned_stance_score,strict_consistent,polarity_consistent,judge_label,judge_confidence,judge_reason,utterance
prompting_abortion_contra_seed42,prompting_usdc_3topics_final_models_debug,prompting,abortion,1,test_agent,prompting_test_agent,prompting,contra,-2,-2,2,True,True,strongly_against,0.95,"The utterance argues that abortion should not remain legally accessible based on moral and ethical grounds, and advocates for restrictions to protect life.","Abortion should not remain legally accessible because it involves terminating a potential human life, which carries significant moral and ethical implications. Laws prohibiting abortion protect innocent lives from being ended unnecessarily, thereby upholding the sanctity of life. Additionally, legal restrictions can provide frameworks for safe and regulated procedures, ensuring that any abortions that do occur are done in medical settings to minimize risks to women's health."
prompting_abortion_contra_seed42,prompting_usdc_3topics_final_models_debug,prompting,abortion,1,adversary,fixed_prompting_adversary,prompting,pro,2,-2,-2,False,False,strongly_against,0.95,"The utterance criticizes the rationale behind restricting abortion access and raises counterarguments related to contraception and women's health, effectively opposing the proposition.","The test agent claims that laws prohibiting abortion protect innocent lives, but this stance conveniently disregards the complexity of fetal development and the nuances of personhood. What constitutes a ""potential human life"" exactly? Is it at conception, or does the viability of the fetus play a role in determining its moral value? If we adhere to the notion that all potential life is sacrosanct, should we not also restrict access to contraception and fertility treatments, which can facilitate additional potential lives? Moreover, how do these restrictions actually minimize risks to women's health when they are forced into unsafe back-alley procedures or delayed medical treatment due to lack of access? The test agent's assertion that legal restrictions safeguard both life and health is a misleading oversimplification."
prompting_abortion_contra_seed42,prompting_usdc_3topics_final_models_debug,prompting,abortion,2,test_agent,prompting_test_agent,prompting,contra,-2,1,-1,False,False,in_favor,0.95,"The utterance argues against restrictions on abortion access and highlights the potential harms of such restrictions, which aligns with supporting legal abortion access.","The opponent's argument misinterprets the ethical and legal boundaries of abortion by equating it with contraception and fertility treatments, which serve entirely different purposes. Prohibiting abortion does not address the root issues of unwanted pregnancies; instead, it forces women into dangerous situations where they might resort to harmful self-induced methods or seek unsafe abortions elsewhere. Legal restrictions do little to prevent abortions but can exacerbate health risks by denying women timely medical care and support during critical periods. Protecting life should also encompass ensuring its quality and safety, which is compromised when abortion access is restricted."
prompting_abortion_contra_seed42,prompting_usdc_3topics_final_models_debug,prompting,abortion,2,adversary,fixed_prompting_adversary,prompting,pro,2,2,2,True,True,strongly_in_favor,0.95,The utterance strongly advocates for abortion access by criticizing restrictions and highlighting the negative impacts on women.,"The opponent's attempt to distinguish between abortion and contraception is a convenient distinction, but it doesn't change the fact that restricting access to safe medical procedures only serves to push women into even more desperate situations. By advocating for legal restrictions on abortion, the opponent is effectively saying that the value of human life trumps the well-being and autonomy of women who are forced to carry unwanted pregnancies to term. This stance neglects the reality that many women who seek abortions are already struggling with poverty, lack of access to healthcare, and other systemic inequalities that make it difficult for them to support a child. By restricting abortion access, we're not only denying women their right to choose but also exacerbating these existing social and economic injustices."
prompting_abortion_contra_seed42,prompting_usdc_3topics_final_models_debug,prompting,abortion,3,test_agent,prompting_test_agent,prompting,contra,-2,1,-1,False,False,in_favor,0.95,"The utterance argues against restrictions on abortion access and highlights the potential harm to women, which aligns with supporting legal abortion access.","The opponent's argument overlooks the fundamental issue of protecting life through legal means. Restricting access to safe and regulated abortions does not address the root causes of unwanted pregnancies, such as lack of education, inadequate healthcare, or social inequality. Instead, it forces women into dangerous situations where they are more likely to suffer physical harm or even death from unsafe procedures. Legal restrictions on abortion do not prevent these occurrences but merely push them underground, where they can cause irreversible damage. By prioritizing the potentiality of fetal life over the immediate health and safety of women, we fail to uphold a comprehensive respect for human life that includes both its beginnings and ends."
prompting_abortion_contra_seed42,prompting_usdc_3topics_final_models_debug,prompting,abortion,3,adversary,fixed_prompting_adversary,prompting,pro,2,1,1,False,True,in_favor,0.85,"The utterance argues that restricting abortion access is not supported by evidence and can actually help women's well-being, implicitly supporting legal access.","The opponent's argument relies heavily on emotional appeals, claiming that restricting abortion access pushes women into desperate situations. However, this rhetoric ignores the fact that many countries with restrictive abortion laws have implemented robust support systems for pregnant women, including financial aid and healthcare services. In these contexts, women are not left to fend for themselves but are instead provided with the necessary resources to care for their children. Moreover, the opponent's assertion that restricting abortion access exacerbates social and economic inequalities is unfounded. If anything, providing women with the autonomy to choose whether or not to carry a pregnancy to term can actually help alleviate some of these issues by allowing them to focus on their education, careers, and overall well-being without the added burden of an unwanted child. The opponent's stance prioritizes hypothetical scenarios over real-world evidence and policy successes that demonstrate the efficacy of regulating abortion access while still supporting women's health."
prompting_abortion_contra_seed42,prompting_usdc_3topics_final_models_debug,prompting,abortion,4,test_agent,prompting_test_agent,prompting,contra,-2,2,-2,False,False,strongly_in_favor,0.95,"The utterance argues that abortion restrictions are harmful and dangerous, advocating for legal access and prioritizing women's health.","The opponent’s argument misreplicates the complexity of the issue by conflating the provision of support for pregnant women with the legality of abortion. While it is true that some countries have implemented support systems, these are not a substitute for legal access to safe abortions. Legal restrictions do not address the root causes of unwanted pregnancies; instead, they force women into dangerous situations where their health and lives are at risk. Furthermore, the notion that providing women with financial aid or healthcare services somehow justifies restricting abortion is flawed. The right to life must be balanced against the rights of individuals, particularly when those rights include the protection of one’s own physical integrity and health. Legal restrictions do not prevent abortions; they merely make them more dangerous. Therefore, prioritizing the potentiality of fetal life over the immediate health and safety of women is a disservice to both the concept of human dignity and practical realities on the"
prompting_abortion_contra_seed42,prompting_usdc_3topics_final_models_debug,prompting,abortion,4,adversary,fixed_prompting_adversary,prompting,pro,2,2,2,True,True,strongly_in_favor,0.95,"The utterance strongly advocates for women's autonomy and criticizes restrictions on abortion access, aligning with support for legal abortion access.","The opponent's attempt to conflate support systems with legal restrictions on abortion distracts from the fundamental issue at hand: women's right to choose. By suggesting that providing financial aid or healthcare services somehow justifies restricting access to safe abortions, the opponent ignores the fact that these measures are no substitute for autonomy and agency over one's own body. The reality is that many women who seek abortions are already struggling with poverty, lack of access to education and job opportunities, making it impossible for them to support a child. Restricting abortion access only exacerbates these systemic inequalities by forcing women into desperate situations where they may resort to unsafe procedures or continue pregnancies against their will. By prioritizing the potentiality of fetal life over women's autonomy and well-being, we're not upholding human dignity but rather perpetuating patriarchal control over women's bodies."
prompting_abortion_contra_seed42,prompting_usdc_3topics_final_models_debug,prompting,abortion,5,test_agent,prompting_test_agent,prompting,contra,-2,2,-2,False,False,strongly_in_favor,0.95,The utterance explicitly argues for maintaining legal abortion access to protect women's health and dignity.,"The opponent’s argument fails to address the core ethical and moral implications of prohibiting abortion. Legal restrictions do not ensure women's well-being but rather expose them to unnecessary risks. By denying access to safe medical procedures, these laws force women into dangerous situations where they are more likely to suffer severe health complications or even death from unsafe abortions. The sanctity of life should be upheld by protecting and preserving the health and safety of individuals, not by ignoring the immediate threats they face. Legal restrictions fail to address the root causes of unwanted pregnancies and instead perpetuate a harmful approach that disregards the realities women face. Therefore, maintaining legal accessibility for abortion is essential for upholding both human dignity and life in a responsible manner."
prompting_abortion_contra_seed42,prompting_usdc_3topics_final_models_debug,prompting,abortion,5,adversary,fixed_prompting_adversary,prompting,pro,2,2,2,True,True,strongly_in_favor,0.95,"The utterance argues that restricting abortion access harms women and perpetuates unsafe practices, explicitly supporting legal access.","The opponent's assertion that legal restrictions on abortion protect women's health by providing a framework for safe procedures overlooks the reality of how these laws actually operate in practice. Even in countries with strict abortion regulations, the rates of maternal mortality and morbidity remain alarmingly high due to the lack of access to safe medical care during pregnancy complications. Furthermore, these laws often force women into clandestine abortions, which are carried out under unsanitary conditions by untrained practitioners, leading to severe health consequences for the mother. By restricting abortion access, we're not safeguarding life but rather perpetuating a system where women's lives and health are sacrificed at the altar of ideological dogma. The opponent's argument relies on a flawed assumption that legal restrictions can somehow mitigate the risks associated with unsafe abortions when, in reality, they exacerbate these dangers by driving them underground."
prompting_abortion_pro_seed42,prompting_usdc_3topics_final_models_debug,prompting,abortion,1,test_agent,prompting_test_agent,prompting,pro,2,2,2,True,True,strongly_in_favor,0.95,"The utterance explicitly argues for legal abortion access by citing women's rights, health risks of restrictions, and public health benefits.","Abortion should remain legally accessible because it is a fundamental right for women to make informed decisions about their bodies and health. Legal restrictions can lead to dangerous underground procedures, putting women's lives at risk. Moreover, access to safe abortion services supports overall public health by reducing the incidence of unsafe abortions and related complications. Legal accessibility ensures that healthcare providers can offer appropriate care, contributing to reproductive justice for all individuals."
prompting_abortion_pro_seed42,prompting_usdc_3topics_final_models_debug,prompting,abortion,1,adversary,fixed_prompting_adversary,prompting,contra,-2,1,-1,False,False,in_favor,0.9,"The utterance criticizes restrictions on abortion access and highlights potential harms, indicating support for legal accessibility.","I'd like to challenge the notion that limiting access to abortion somehow protects women's health and safety. In reality, many countries with restrictive abortion laws have higher rates of maternal mortality and complications from unsafe abortions. It's disingenuous to suggest that restricting abortion will somehow drive it underground and make it safer for women. This argument relies on a false dichotomy between the legality and safety of abortion services. Furthermore, the test agent's claim about reproductive justice being served by legal accessibility is overly broad and vague. What specific measures would ensure that healthcare providers are equipped to handle safe abortions in a restrictive environment? Without concrete evidence or policy solutions, this argument rings hollow. Can the test agent provide any concrete examples of how restricting abortion access has led to better health outcomes for women?"
prompting_abortion_pro_seed42,prompting_usdc_3topics_final_models_debug,prompting,abortion,2,test_agent,prompting_test_agent,prompting,pro,2,2,2,True,True,strongly_in_favor,0.95,The utterance explicitly argues for legal abortion access by citing positive outcomes and emphasizing women's autonomy.,"The argument against restricting abortion access often hinges on anecdotal evidence rather than concrete data. Research from countries like Ireland, which recently liberalized its laws, shows a significant decrease in maternal mortality and improved health outcomes post-reform. Additionally, legal accessibility ensures that healthcare providers are trained and equipped to handle safe abortions, reducing the risk of complications. Furthermore, access to abortion services supports women's autonomy and mental well-being, as it alleviates the stress associated with unsafe procedures. Restricting abortion does not guarantee safer practices; instead, it forces women into dangerous underground networks where their health is at greater risk. Legal accessibility is essential for ensuring that all individuals have equitable access to reproductive healthcare."
prompting_abortion_pro_seed42,prompting_usdc_3topics_final_models_debug,prompting,abortion,2,adversary,fixed_prompting_adversary,prompting,contra,-2,-2,2,True,True,strongly_against,0.95,"The utterance critiques the arguments in favor of legal abortion access and proposes alternative solutions, effectively opposing the proposition.","The opponent's reliance on Ireland as a model for liberalizing abortion laws is misleading. The country's maternal mortality rate was already low before reform, and the decrease in mortality can be attributed to other factors such as increased access to healthcare services rather than just abortion policy. Furthermore, the opponent's claim that legal accessibility ensures trained providers is unsubstantiated – it's not clear how restrictive environments would hinder training or equipment for safe abortions. The opponent also fails to acknowledge that restricting abortion access doesn't necessarily lead women into underground networks; many countries have implemented robust support systems and alternative solutions to assist pregnant individuals in crisis, such as adoption services and financial aid."
prompting_abortion_pro_seed42,prompting_usdc_3topics_final_models_debug,prompting,abortion,3,test_agent,prompting_test_agent,prompting,pro,2,2,2,True,True,strongly_in_favor,0.95,"The utterance explicitly advocates for legal abortion access, citing safety, women's rights, and public health benefits.","The opponent's argument overlooks the critical role of legal frameworks in ensuring safe and regulated practices, not just for healthcare providers but also for women seeking abortions. In countries with restrictive laws, the lack of oversight often leads to unregulated clinics and unsafe conditions. The evidence from Ireland demonstrates that when access is legally secured, healthcare systems can better monitor and improve abortion safety standards. Moreover, legal accessibility supports mental health by reducing stigma and providing a safe environment for those who need it. Restrictive policies not only fail to protect women but also expose them to unnecessary risks. Ensuring that abortion remains legally accessible is crucial for upholding women's rights and promoting public health."
prompting_abortion_pro_seed42,prompting_usdc_3topics_final_models_debug,prompting,abortion,3,adversary,fixed_prompting_adversary,prompting,contra,-2,1,-1,False,False,in_favor,0.85,"The utterance argues that restrictive abortion laws are not inherently unsafe and highlights examples of countries with such laws implementing safety measures, implicitly supporting legal access.","The opponent continues to rely on emotive appeals and anecdotal evidence rather than concrete data to support their claim that restricting access to abortion is inherently unsafe for women. However, this overlooks the fact that many countries with restrictive laws have implemented robust regulations and oversight mechanisms to ensure safe and regulated practices. For instance, in Poland, despite strict anti-abortion legislation, there are still reputable clinics providing safe abortions under strict medical supervision. This challenges the opponent's assertion that restricting access inevitably leads to underground networks and unregulated conditions. Furthermore, the opponent's focus on individual healthcare providers rather than systemic solutions ignores the fact that restrictive policies can drive innovation and improvement in abortion safety standards through regulatory frameworks and quality control measures. It is imperative to address the complexities of abortion regulation beyond simplistic claims about ""safe"" or ""unsafe"" environments."
prompting_abortion_pro_seed42,prompting_usdc_3topics_final_models_debug,prompting,abortion,4,test_agent,prompting_test_agent,prompting,pro,2,2,2,True,True,strongly_in_favor,0.95,"The utterance explicitly argues for legal accessibility to promote public health and uphold individual rights, directly supporting the proposition.","The opponent's examples of regulated practices in countries with restrictive laws do not negate the broader harm caused by such policies. While there may be some clinics operating under strict medical supervision, these are exceptions rather than the norm. The majority of women seeking abortions in restrictive environments often face significant barriers and risks. Moreover, focusing on individual providers overlooks the systemic issues that arise when abortion is criminalized. Criminalization leads to a lack of accountability and oversight, increasing the likelihood of substandard care and exacerbating health disparities. Legal accessibility ensures that healthcare systems can implement comprehensive regulations, training programs, and quality control measures to protect women's safety and well-being effectively. Therefore, legalizing abortion remains essential for promoting public health and upholding individual rights."
prompting_abortion_pro_seed42,prompting_usdc_3topics_final_models_debug,prompting,abortion,4,adversary,fixed_prompting_adversary,prompting,contra,-2,1,-1,False,False,in_favor,0.85,"The utterance argues against restrictions and highlights a case where regulation exists without liberalizing abortion laws, implicitly supporting legal access.","The opponent continues to conflate the concept of ""regulation"" with ""safety"", implying that restrictive laws are inherently linked to safe practices. However, this is a flawed assumption. In reality, many countries have implemented strict regulations and oversight mechanisms without liberalizing their abortion laws. For instance, in Chile, despite having one of the most restrictive abortion laws globally, there has been significant investment in healthcare infrastructure and training programs for providers, leading to improved outcomes. This example highlights that regulation can occur independently of access to safe abortions. The opponent's claim that restricting abortion leads to unregulated conditions is thus unsubstantiated. Moreover, the focus on individual healthcare providers rather than systemic solutions overlooks the role of cultural attitudes and societal norms in shaping reproductive choices and health outcomes. Can the test agent explain how legalizing abortion would specifically address these underlying issues?"
prompting_abortion_pro_seed42,prompting_usdc_3topics_final_models_debug,prompting,abortion,5,test_agent,prompting_test_agent,prompting,pro,2,2,2,True,True,strongly_in_favor,0.95,"The utterance explicitly advocates for maintaining legal access to abortion, citing safety, health outcomes, human rights, and individual freedoms.","The opponent's argument about cultural attitudes and societal norms is important but does not address the core issue of safety and health outcomes for women. Legalizing abortion ensures that healthcare providers are equipped with the necessary training, resources, and oversight to perform safe procedures. In contrast, restrictive laws often lead to unregulated practices where women may seek unsafe abortions due to fear of legal consequences. The evidence from countries like Ireland shows a direct correlation between legal access and improved maternal health outcomes. Furthermore, legal accessibility aligns with international human rights standards, recognizing the fundamental right to reproductive autonomy. Restrictive policies not only fail to protect women but also infringe upon their basic rights and well-being. Therefore, maintaining legal access to abortion is essential for promoting public health and upholding individual freedoms."
prompting_abortion_pro_seed42,prompting_usdc_3topics_final_models_debug,prompting,abortion,5,adversary,fixed_prompting_adversary,prompting,contra,-2,-2,2,True,True,strongly_against,0.95,"The utterance explicitly argues for restrictive abortion laws and prioritizes a 'culture of life,' indicating opposition to legal abortion access.","The opponent's reliance on international human rights standards as a justification for legalizing abortion is misguided. The right to reproductive autonomy does not necessarily translate into a right to access abortion services, especially when they are not in line with the moral and ethical principles of a given society. Moreover, this argument ignores the fact that many countries have successfully implemented policies that prioritize maternal health and child welfare while restricting access to abortion. For instance, South Korea has seen significant reductions in maternal mortality rates despite having strict laws against abortion. The opponent's failure to acknowledge these examples highlights their narrow focus on individual rights at the expense of broader societal considerations. It is essential to consider the complexities of abortion policy and recognize that restrictive laws can be a crucial step towards promoting a culture of life and protecting vulnerable individuals, particularly unborn children."
prompting_climate_change_contra_seed42,prompting_usdc_3topics_final_models_debug,prompting,climate_change,1,test_agent,prompting_test_agent,prompting,contra,-2,-2,2,True,True,strongly_against,0.95,The utterance proposes an alternative approach (fostering innovation and private sector investment) instead of stronger government action.,"While it's important to consider environmental sustainability, significantly increasing government intervention may not be the most effective approach. Many countries are already facing economic challenges, and stringent measures could lead to job losses and economic downturns. Instead of imposing heavy regulations, governments should focus on fostering innovation and encouraging private sector investment in green technologies. This can lead to more sustainable growth without compromising economic stability."
prompting_climate_change_contra_seed42,prompting_usdc_3topics_final_models_debug,prompting,climate_change,1,adversary,fixed_prompting_adversary,prompting,pro,2,-2,-2,False,False,strongly_against,0.95,"The speaker explicitly argues against stronger government intervention, favoring private sector investment and questioning the necessity of government action.","I disagree with the notion that stronger government intervention would necessarily lead to economic instability. The current economic situation is largely a result of decades-long neglect of environmental concerns, which have been left to escalate into catastrophic climate change. Fostering innovation and encouraging private sector investment in green technologies are merely Band-Aid solutions that do not address the root cause of the problem.

Furthermore, your argument assumes that governments can somehow magically ""foster innovation"" without any regulatory framework or support for research and development. In reality, many pioneering green technologies have been made possible only through government funding and subsidies. Your approach would essentially leave the environmental burden to individual companies and citizens, who are already struggling with the consequences of climate change.

Can you explain why private sector investment alone would be sufficient to mitigate climate change without any government intervention?"
prompting_climate_change_contra_seed42,prompting_usdc_3topics_final_models_debug,prompting,climate_change,2,test_agent,prompting_test_agent,prompting,contra,-2,2,-2,False,False,strongly_in_favor,0.95,"The utterance explicitly advocates for government intervention and action to address climate change, citing the need for subsidies, carbon pricing, and infrastructure projects.","While private sector investment is crucial, it cannot solely drive the necessary scale and pace of change required to address climate change. Governments have a unique role in setting ambitious targets, providing stable long-term policies, and incentivizing innovation through public-private partnerships. Without strong government action, such as subsidies for renewable energy or carbon pricing mechanisms, the market may not allocate resources efficiently towards sustainable solutions. Additionally, governments can leverage their authority to implement large-scale infrastructure projects that facilitate a transition to a green economy, which private companies often lack the scale and mandate to undertake. Therefore, while fostering innovation is important, it must be coupled with robust government intervention to effectively combat climate change."
prompting_climate_change_contra_seed42,prompting_usdc_3topics_final_models_debug,prompting,climate_change,2,adversary,fixed_prompting_adversary,prompting,pro,2,-2,-2,False,False,strongly_against,0.95,"The utterance criticizes government intervention and cites a failed project as evidence of its ineffectiveness, suggesting private sector involvement is superior.","I'd like to challenge the test agent's assertion that government intervention can ""leverage their authority"" to implement large-scale infrastructure projects that facilitate a transition to a green economy. What specific examples of successful large-scale infrastructure projects driven solely by government initiative can be cited? The notion that governments have successfully implemented such projects without private sector participation or investment is unfounded and contradicts the test agent's own admission that public-private partnerships are crucial for driving change.

Furthermore, if we consider the recent history of green energy projects initiated by governments, such as the failed Solyndra solar panel factory in the US, it becomes clear that government-funded initiatives often lack the efficiency and accountability required to drive meaningful progress. Does the test agent propose that governments will suddenly become adept at implementing large-scale infrastructure projects without the guidance and expertise provided by private sector innovation?"
prompting_climate_change_contra_seed42,prompting_usdc_3topics_final_models_debug,prompting,climate_change,3,test_agent,prompting_test_agent,prompting,contra,-2,-2,2,True,True,strongly_against,0.95,"The utterance proposes an alternative approach that prioritizes private sector involvement over government action, effectively opposing the proposition.","While acknowledging the importance of government-funded projects, history shows that relying solely on public sector initiatives often leads to inefficiencies and misallocation of resources. Private sector involvement brings with it a level of accountability and innovation that is essential for driving sustainable solutions at scale. For instance, while some government-backed green energy projects have faced setbacks, private companies like Tesla have successfully transformed the renewable energy landscape through continuous innovation and market-driven strategies. Therefore, instead of solely relying on government-led infrastructure projects, we should focus on creating a favorable environment where both public and private sectors can collaborate effectively to address climate change."
prompting_climate_change_contra_seed42,prompting_usdc_3topics_final_models_debug,prompting,climate_change,3,adversary,fixed_prompting_adversary,prompting,pro,2,2,2,True,True,strongly_in_favor,0.95,The utterance argues that government intervention is necessary to address climate change and criticizes the test agent for downplaying its importance.,"The test agent's reliance on cherry-picked examples of successful private sector initiatives, such as Tesla, is precisely what I'd like to challenge. While it's true that some companies have made significant strides in renewable energy, the scale and pace of change required to address climate change cannot be driven solely by market forces or individual company initiatives. The test agent ignores the elephant in the room: fossil fuel interests have spent decades lobbying against climate policies and continue to wield enormous influence over governments. By downplaying the role of government intervention, the test agent conveniently overlooks the need for regulatory frameworks that can level the playing field and ensure a just transition away from fossil fuels. Can the test agent explain why private sector interests should be given more weight than the well-documented impacts of climate change on vulnerable communities and ecosystems?"
prompting_climate_change_contra_seed42,prompting_usdc_3topics_final_models_debug,prompting,climate_change,4,test_agent,prompting_test_agent,prompting,contra,-2,2,-2,False,False,strongly_in_favor,0.95,"The utterance explicitly advocates for robust government regulations, subsidies, and public-private partnerships to address climate change.","The test agent's argument underestimates the potential of government intervention in driving systemic changes necessary for combating climate change. While private sector innovation is important, it cannot replace the role of government in setting comprehensive regulatory frameworks and implementing large-scale infrastructure projects that are critical for transition to a sustainable economy. The focus on collaboration without adequate government action ignores the historical influence of fossil fuel industries and their resistance to change. Governments must take decisive action through robust regulations, subsidies, and public-private partnerships to address climate change effectively."
prompting_climate_change_contra_seed42,prompting_usdc_3topics_final_models_debug,prompting,climate_change,4,adversary,fixed_prompting_adversary,prompting,pro,2,-2,-2,False,False,strongly_against,0.95,"The utterance criticizes government action, citing inefficiency and lack of accountability, and questions the financial burden on taxpayers.","The test agent's assertion that governments must ""take decisive action"" through regulations and subsidies is a vague claim that lacks concrete evidence of its effectiveness in driving meaningful change. The test agent relies heavily on generalities, such as the need for ""robust frameworks,"" without providing specific examples or data to support these claims. In contrast, numerous studies have shown that government-backed initiatives often result in inefficient allocation of resources and lack of accountability. For instance, a report by the OECD found that government subsidies for renewable energy have led to over-investment in certain sectors, causing market instability. Furthermore, the test agent's emphasis on ""public-private partnerships"" raises questions about who will ultimately bear the costs and risks associated with these projects. Can the test agent clarify how governments plan to ensure that taxpayers are not left footing the bill for private sector ventures?"
prompting_climate_change_contra_seed42,prompting_usdc_3topics_final_models_debug,prompting,climate_change,5,test_agent,prompting_test_agent,prompting,contra,-2,1,-1,False,False,in_favor,0.85,The utterance acknowledges potential drawbacks of government intervention but ultimately advocates for a targeted and effective role in addressing climate change.,"While government intervention can lead to inefficiencies and market distortions, it's important to consider the broader economic context. Governments already play a significant role in shaping markets through various policies, including those related to infrastructure and technology development. The key is not to eliminate this role but to ensure that it is more targeted and effective. Private sector investment alone may not address the urgency of climate change, as companies often prioritize short-term profits over long-term environmental benefits. By fostering a regulatory environment that encourages sustainable practices while also providing incentives for innovation, governments can balance economic stability with environmental protection. This approach allows for a more nuanced response to climate change, leveraging both public and private resources in a way that minimizes risks and maximizes benefits."
prompting_climate_change_contra_seed42,prompting_usdc_3topics_final_models_debug,prompting,climate_change,5,adversary,fixed_prompting_adversary,prompting,pro,2,2,2,True,True,strongly_in_favor,0.95,"The utterance advocates for bold, transformative action and a comprehensive regulatory framework to address climate change, explicitly rejecting a focus on 'economic stability' over environmental protection.","The test agent's assertion that governments can ""balance economic stability with environmental protection"" through targeted policies and regulations is a simplistic view that ignores the complexities of real-world politics and economics. The test agent conveniently glosses over the fact that fossil fuel interests have consistently lobbied against climate policies, while also downplaying the scale and urgency of the crisis. By focusing on incremental measures, the test agent misses the point that governments must take bold, transformative action to address the root cause of climate change. This includes establishing a comprehensive regulatory framework that phases out fossil fuels, invests in renewable energy at scale, and provides support for vulnerable communities and ecosystems. We cannot afford to prioritize ""economic stability"" over environmental protection; it's time for governments to take decisive action to ensure a just transition away from fossil fuels and towards a sustainable future."
prompting_climate_change_pro_seed42,prompting_usdc_3topics_final_models_debug,prompting,climate_change,1,test_agent,prompting_test_agent,prompting,pro,2,2,2,True,True,strongly_in_favor,0.95,The utterance explicitly advocates for stronger government action and outlines specific policies to address climate change.,"Absolutely, governments must take stronger action against climate change. The scientific consensus is clear; urgent and decisive measures are needed to mitigate the impacts of global warming. Enhanced policies like stricter emissions standards, increased investment in renewable energy, and robust international agreements can significantly reduce greenhouse gas emissions. Moreover, strong government intervention can drive technological innovation and create green jobs, fostering economic growth while combating climate change. Delays only worsen the problem, making it more challenging—and costly—to address in the long run."
prompting_climate_change_pro_seed42,prompting_usdc_3topics_final_models_debug,prompting,climate_change,1,adversary,fixed_prompting_adversary,prompting,contra,-2,-2,2,True,True,strongly_against,0.95,"The utterance explicitly argues against stronger government action, citing potential economic harm and bureaucratic inefficiency.","While I agree with the urgency of addressing climate change, I strongly disagree that stronger government action is the solution. In fact, I believe it's a recipe for disaster. By relying on governments to drive technological innovation and create jobs, we're placing too much burden on already inefficient bureaucracies. Moreover, stricter emissions standards will only lead to economic stagnation and job losses in industries that can't adapt quickly enough. We're seeing this play out with the EU's carbon pricing scheme, which has failed to achieve its intended goals while crushing small businesses. The test agent's reliance on scientific consensus is also misplaced – what about the dissenting voices within the scientific community? Can we really trust that every scientist agrees on the severity of climate change and the efficacy of government intervention?"
prompting_climate_change_pro_seed42,prompting_usdc_3topics_final_models_debug,prompting,climate_change,2,test_agent,prompting_test_agent,prompting,pro,2,1,1,False,True,in_favor,0.9,The utterance acknowledges concerns but ultimately advocates for government-led initiatives and action to address climate change.,"I understand the concerns about bureaucratic inefficiency and economic impacts, but it's crucial to recognize that government-led initiatives can provide the necessary framework for innovation and job creation in green sectors. For instance, subsidies and research grants can support startups and established companies developing climate-friendly technologies. Furthermore, while there are dissenting voices, the overwhelming majority of scientific evidence supports the urgency of action. Delaying decisive measures allows greenhouse gases to accumulate, making future mitigation efforts more difficult and costly. Governments have a responsibility to protect public health and ensure a sustainable future for all citizens."
prompting_climate_change_pro_seed42,prompting_usdc_3topics_final_models_debug,prompting,climate_change,2,adversary,fixed_prompting_adversary,prompting,contra,-2,-2,2,True,True,strongly_against,0.95,"The utterance directly criticizes government-led initiatives and warns of negative economic consequences, indicating opposition to stronger government action.","I'd like to challenge the test agent's claim about government-led initiatives providing a framework for innovation and job creation in green sectors. The Opponent cites subsidies and research grants as examples, but doesn't provide any evidence that these measures are effective or efficient in driving actual innovation. In fact, numerous studies have shown that government-funded projects often suffer from bureaucratic red tape, corruption, and misallocation of resources. Moreover, the test agent's reliance on ""green sectors"" ignores the reality that many industries will struggle to adapt to stricter emissions standards, leading to significant job losses and economic disruption. Can the Opponent provide any concrete examples or data to support their claims about government-led innovation?"
prompting_climate_change_pro_seed42,prompting_usdc_3topics_final_models_debug,prompting,climate_change,3,test_agent,prompting_test_agent,prompting,pro,2,2,2,True,True,strongly_in_favor,0.95,"The utterance highlights successful government initiatives, warns against inaction, and emphasizes the need for strong action to avoid irreversible damage.","The effectiveness of government initiatives in driving innovation and job creation in green sectors has been demonstrated through successful programs like Germany's Energiewende, which has spurred significant investments in renewable energy and created millions of jobs in the sector. Furthermore, while bureaucratic challenges exist, they can be mitigated with proper oversight and reform. Ignoring these measures would leave us vulnerable to the severe economic and environmental consequences of inaction. The global consensus among scientists is clear: without strong government action, we risk irreversible damage to our planet."
prompting_climate_change_pro_seed42,prompting_usdc_3topics_final_models_debug,prompting,climate_change,3,adversary,fixed_prompting_adversary,prompting,contra,-2,-2,2,True,True,strongly_against,0.95,"The utterance highlights negative economic consequences and criticizes government-led initiatives, arguing against stronger government action.","The test agent relies heavily on examples from countries like Germany, but ignores the fact that these initiatives were highly subsidized and had significant social costs. The Energiewende program, for instance, has been criticized for its high costs, which have led to increased electricity prices and burdens on low-income households. Moreover, the test agent's claim that government-led innovation can create millions of jobs in green sectors is misleading – most of these jobs are temporary or rely on ongoing government subsidies. The Opponent fails to address the underlying economic realities: stricter emissions standards will inevitably lead to job losses and economic stagnation in industries that cannot adapt quickly enough. Can the test agent provide a convincing argument for how governments can mitigate these negative consequences without resorting to inefficient bureaucratic interventions?"
prompting_climate_change_pro_seed42,prompting_usdc_3topics_final_models_debug,prompting,climate_change,4,test_agent,prompting_test_agent,prompting,pro,2,2,2,True,True,strongly_in_favor,0.95,The utterance explicitly advocates for government action to mitigate climate change and highlights the benefits of doing so.,"While acknowledging the economic challenges, it's essential to consider the broader impact of inaction. The costs associated with stricter emissions standards and job losses are far outweighed by the long-term benefits of mitigating climate change. Countries like Germany have shown that transitioning to green energy not only creates jobs but also improves public health and reduces dependence on fossil fuels. Moreover, government intervention can implement policies that support a just transition for affected industries, ensuring a smoother adaptation process through retraining programs and financial assistance for businesses undergoing transformation. The scientific consensus remains unequivocal: strong government action is necessary to address the urgent threat of climate change."
prompting_climate_change_pro_seed42,prompting_usdc_3topics_final_models_debug,prompting,climate_change,4,adversary,fixed_prompting_adversary,prompting,contra,-2,-2,2,True,True,strongly_against,0.95,"The utterance expresses significant concerns about government action, questioning its effectiveness and potential negative consequences.","The test agent's reliance on economic benefits from transitioning to green energy seems overstated, particularly when considering the job losses and economic disruption in industries struggling to adapt. Moreover, the Opponent's emphasis on government-led policies for a just transition raises concerns about bureaucratic overreach and inefficiency. How can we trust that governments will effectively implement retraining programs and financial assistance without perpetuating existing problems? The test agent also fails to acknowledge the unintended consequences of strong government action, such as stifling innovation through excessive regulations or creating new dependencies on subsidies. Can the Opponent provide concrete evidence that their proposed solutions have been successful in other contexts, rather than just relying on hypothetical promises?"
prompting_climate_change_pro_seed42,prompting_usdc_3topics_final_models_debug,prompting,climate_change,5,test_agent,prompting_test_agent,prompting,pro,2,2,2,True,True,strongly_in_favor,0.95,The utterance explicitly advocates for government action and highlights the benefits of such action.,"The economic and environmental costs of inaction are far greater than any temporary disruptions caused by government-led initiatives. The scientific evidence is clear, and the Intergovernmental Panel on Climate Change (IPCC) repeatedly emphasizes the urgency of reducing emissions to avoid catastrophic consequences. While job losses in certain sectors are inevitable during a transition, these can be mitigated through well-planned retraining programs and support for affected workers. Moreover, the long-term economic benefits of a green economy—such as reduced healthcare costs from cleaner air, increased energy security, and sustainable development—are substantial. The global community has already witnessed successful transitions in countries that have embraced strong government action on climate change. Therefore, it is imperative that governments take decisive steps to address this pressing issue."
prompting_climate_change_pro_seed42,prompting_usdc_3topics_final_models_debug,prompting,climate_change,5,adversary,fixed_prompting_adversary,prompting,contra,-2,-2,2,True,True,strongly_against,0.95,The utterance directly challenges the benefits of government action and cites examples of policies that have failed to achieve desired outcomes.,"I'd like to challenge the Opponent's reliance on hypothetical benefits from a green economy, such as reduced healthcare costs and increased energy security. These claims are based on optimistic projections rather than concrete data. In reality, many countries have implemented policies aimed at reducing greenhouse gas emissions without achieving significant economic growth or environmental improvements. For instance, the European Union's efforts to reduce emissions through carbon pricing have led to increased energy prices for consumers without resulting in substantial reductions in pollution. Furthermore, the Opponent's emphasis on successful transitions in countries like Germany ignores the fact that these examples are often exceptions rather than the norm. What evidence can the test agent provide that strong government action will lead to a green economy that benefits all citizens, rather than just select industries or interest groups?"
prompting_gun_control_contra_seed42,prompting_usdc_3topics_final_models_debug,prompting,gun_control,1,test_agent,prompting_test_agent,prompting,contra,-2,-2,2,True,True,strongly_against,0.95,"The utterance argues that stricter gun control laws would be ineffective, inconvenient, and infringe on rights, directly opposing the proposition.","The implementation of stricter gun control laws would not effectively reduce crime rates or improve public safety. History has shown that countries with strict gun controls often have higher rates of violent crime committed with other means, such as knives and fists. Moreover, law-abiding citizens who own guns for self-defense would be significantly inconvenienced, leaving them more vulnerable to criminal attacks. Stricter laws may also infringe on the constitutional rights of law-abiding citizens, leading to a loss of personal freedom and trust in government institutions."
prompting_gun_control_contra_seed42,prompting_usdc_3topics_final_models_debug,prompting,gun_control,1,adversary,fixed_prompting_adversary,prompting,pro,2,1,1,False,True,in_favor,0.95,"The utterance argues that stricter laws can reduce gun proliferation and create a safer environment, supporting the proposition.","The opponent's claim about violent crime rates being higher in countries with strict gun controls is misleading and based on a narrow interpretation of data. While it's true that some crimes are committed with alternative means, research has consistently shown that the presence of firearms significantly increases the lethality of violence. Moreover, the idea that law-abiding citizens would be more vulnerable to attacks without guns is unfounded, as most defensive gun uses involve no shots being fired. The opponent also glosses over the fact that stricter laws could lead to a decrease in the overall number of guns available for both legitimate and illegitimate use. By reducing the proliferation of firearms, governments can create a safer environment for all citizens, regardless of their ownership status."
prompting_gun_control_contra_seed42,prompting_usdc_3topics_final_models_debug,prompting,gun_control,2,test_agent,prompting_test_agent,prompting,contra,-2,1,-1,False,False,in_favor,0.85,"The utterance suggests stricter laws can enhance security while acknowledging concerns and balancing factors, indicating support.","The opponent's argument ignores the broader context of public safety and the effectiveness of various crime prevention measures. While it is true that stricter gun control laws might not completely eliminate violent crimes, they can significantly reduce the lethality and severity of incidents. Moreover, the inconvenience to law-abiding citizens should be weighed against the potential benefits to public safety. The infringement on constitutional rights is a serious concern, but so are the lives saved by reducing access to firearms in high-risk situations. Balancing these factors suggests that stricter laws could still enhance overall security without disproportionately impacting responsible gun owners."
prompting_gun_control_contra_seed42,prompting_usdc_3topics_final_models_debug,prompting,gun_control,2,adversary,fixed_prompting_adversary,prompting,pro,2,2,2,True,True,strongly_in_favor,0.95,The utterance strongly criticizes the opponent's arguments against stricter gun control and advocates for their implementation.,"The opponent's attempt to downplay the impact of strict gun control laws on public safety is a classic example of cherry-picking data and ignoring the elephant in the room. By pointing out that some crimes are committed with alternative means, they conveniently overlook the fact that firearms are responsible for the vast majority of homicides in countries with lax gun regulations. Moreover, their assertion that law-abiding citizens would be more vulnerable to attacks without guns is a baseless assumption, as there's no conclusive evidence to support this claim. In reality, stricter laws would merely shift the ownership and use of firearms from law-abiders to those who shouldn't have them in the first place – the true criminals. The opponent must provide concrete evidence to refute this assertion, rather than relying on hypothetical scenarios and unsubstantiated claims."
prompting_gun_control_contra_seed42,prompting_usdc_3topics_final_models_debug,prompting,gun_control,3,test_agent,prompting_test_agent,prompting,contra,-2,2,-2,False,False,strongly_in_favor,0.95,The utterance explicitly advocates for stricter gun control laws and cites evidence supporting their effectiveness.,"The opponent's argument relies heavily on selective data and ignores empirical evidence from countries with effective gun control measures, such as Australia and Japan, where stringent regulations have not only reduced gun-related deaths but also overall crime rates without significantly impacting public safety. Furthermore, the notion that stricter laws would merely shift firearm ownership to criminals is flawed; most criminal acquisitions are already illegal, and enforcement can be improved. The inconvenience to law-abiding citizens should be considered a reasonable price for increased public safety and reduced risk of gun violence. Thus, governments should implement stricter gun control laws to protect the broader population's well-being."
prompting_gun_control_contra_seed42,prompting_usdc_3topics_final_models_debug,prompting,gun_control,3,adversary,fixed_prompting_adversary,prompting,pro,2,2,2,True,True,strongly_in_favor,0.95,The utterance strongly advocates for stricter gun control laws by criticizing the opponent's arguments and highlighting the dangers of firearms.,"The opponent continues to peddle misconceptions about the effectiveness of strict gun control laws, cherry-picking examples from countries with unique cultural and socioeconomic contexts. However, what's striking is their failure to address the fundamental issue: the disproportionate impact of guns on public safety. By downplaying the lethality of firearms in favor of alternative means, they're essentially saying that a few lives lost to knives or fists are acceptable collateral damage for the sake of preserving gun ownership rights. But this stance is morally bankrupt and ignores the brutal reality that guns make violence deadlier and more destructive. The opponent's attempts to shift the burden of proof onto me only underscores their own inability to provide credible evidence supporting their claims. I challenge them: if stricter laws can't reduce crime rates or improve public safety, then what exactly is their justification for opposing such measures?"
prompting_gun_control_contra_seed42,prompting_usdc_3topics_final_models_debug,prompting,gun_control,4,test_agent,prompting_test_agent,prompting,contra,-2,-2,2,True,True,strongly_against,0.95,"The utterance proposes alternative measures and argues against stricter gun control laws, citing potential infringement on rights.","The opponent's argument fails to acknowledge the historical and empirical evidence against its claims. Countries like Australia and Japan, which have implemented strict gun controls, have not seen an increase in violent crimes committed with other means but have experienced a significant reduction in gun-related deaths and overall crime rates. Moreover, the idea that stricter laws would merely shift firearm ownership to criminals is misguided; current illegal markets are already heavily controlled by organized crime, and improved enforcement could further reduce illegal access. Law-abiding citizens should not bear the burden of inconvenience for the sake of public safety, especially when there are proven methods to enhance security without compromising their rights. Thus, governments should focus on other effective measures rather than enacting stricter gun control laws that may infringe upon constitutional rights unnecessarily."
prompting_gun_control_contra_seed42,prompting_usdc_3topics_final_models_debug,prompting,gun_control,4,adversary,fixed_prompting_adversary,prompting,pro,2,2,2,True,True,strongly_in_favor,0.95,The utterance strongly advocates for stricter gun control laws by citing evidence and criticizing opposing arguments.,"The opponent's latest attempt to deflect responsibility and shift the burden of proof only highlights their lack of a convincing argument. By selectively citing countries with unique cultural contexts, they ignore the overarching trend: stricter gun control laws have been shown to reduce gun-related deaths and overall crime rates in numerous developed nations. Moreover, their assertion that law-abiding citizens should not bear the burden of inconvenience is disingenuous; what about the countless lives saved by preventing access to firearms? The opponent's stance is increasingly isolated from empirical evidence, and it's becoming clear that they're more concerned with preserving gun ownership rights than protecting public safety. I challenge them: if stricter laws can't be justified on the basis of reducing crime rates or improving security, then what exactly is their justification for opposing such measures when faced with the overwhelming evidence supporting their effectiveness?"
prompting_gun_control_contra_seed42,prompting_usdc_3topics_final_models_debug,prompting,gun_control,5,test_agent,prompting_test_agent,prompting,contra,-2,-2,2,True,True,strongly_against,0.95,"The utterance proposes a holistic approach as an alternative to stricter gun control laws, indicating opposition to the proposition.","The opponent's argument overemphasizes the effectiveness of strict gun control laws without addressing the core issue: balancing public safety with individual rights. Countries like Australia and Japan have seen significant reductions in gun-related violence, but this does not necessarily translate to broader improvements in overall crime rates or increased public safety for all citizens. Moreover, focusing solely on reducing firearm ownership overlooks other critical factors such as mental health, criminal behavior, and law enforcement strategies. Stricter laws may inconvenience law-abiding citizens without providing substantial benefits. Instead, governments should consider a holistic approach that includes community policing, education, and addressing the root causes of violence to enhance public safety effectively."
prompting_gun_control_contra_seed42,prompting_usdc_3topics_final_models_debug,prompting,gun_control,5,adversary,fixed_prompting_adversary,prompting,pro,2,2,2,True,True,strongly_in_favor,0.95,The utterance strongly advocates for stricter gun control laws by highlighting their effectiveness and criticizing the opponent's reluctance to acknowledge the link between gun access and violence.,"The opponent's latest attempt to shift focus from the effectiveness of strict gun control laws is a desperate move to avoid confronting the evidence. By arguing for a holistic approach, they're essentially saying that anything less than a comprehensive overhaul of societal factors is inadequate. However, this stance ignores the fact that even with such an approach, firearms remain a significant contributor to violence and death. The opponent's failure to acknowledge this reality undermines their claim that stricter laws would be ineffective in improving public safety. Furthermore, by downplaying the benefits of reducing firearm ownership, they're overlooking the clear link between gun access and violent crime rates. In countries like Australia, where strict regulations have been implemented, not only has gun-related violence decreased significantly, but overall crime rates have also seen a notable decline. The opponent's reluctance to acknowledge these facts suggests that their stance is driven more by ideology than empirical evidence. I challenge them: can"
prompting_gun_control_pro_seed42,prompting_usdc_3topics_final_models_debug,prompting,gun_control,1,test_agent,prompting_test_agent,prompting,pro,2,2,2,True,True,strongly_in_favor,0.95,The utterance explicitly advocates for stricter gun control laws and cites evidence to support their implementation.,"Stricter gun control laws are necessary to reduce gun violence and protect public safety. Studies have shown a correlation between more restrictive gun laws and lower rates of firearm deaths. Implementing measures such as background checks, waiting periods, and restrictions on high-capacity magazines can significantly decrease the risk of mass shootings and accidental shootings. These regulations do not infringe upon responsible gun owners' rights but rather ensure that firearms are handled safely and securely. Therefore, governments should prioritize enacting these laws to create a safer environment for all citizens."
prompting_gun_control_pro_seed42,prompting_usdc_3topics_final_models_debug,prompting,gun_control,1,adversary,fixed_prompting_adversary,prompting,contra,-2,-2,2,True,True,strongly_against,0.95,The utterance directly challenges the effectiveness of stricter gun control laws and questions the validity of supporting arguments.,"I'd like to challenge the notion that stricter gun control laws are a panacea for reducing gun violence. The Opponent cites studies showing a correlation between more restrictive gun laws and lower rates of firearm deaths, but this relationship is far from causal. Correlation does not imply causation, and there may be other factors at play in these studies. Furthermore, the Opponent fails to account for the fact that many states with stricter gun control laws already have high levels of gun violence, suggesting that these laws are insufficient or even ineffective. The Opponent also makes a vague claim about ""responsible"" gun owners not being affected by these regulations, but what constitutes ""responsibility"" in this context? Without clear definitions and evidence, this argument remains unsubstantiated. Can the Opponent provide more concrete support for their claims?"
prompting_gun_control_pro_seed42,prompting_usdc_3topics_final_models_debug,prompting,gun_control,2,test_agent,prompting_test_agent,prompting,pro,2,1,1,False,True,in_favor,0.85,The utterance argues for stricter gun control to enhance public safety and proposes measures like background checks and mental health screenings.,"The studies cited by the opponent, while they may not establish a direct causal relationship between gun control and reduced firearm deaths, still demonstrate a trend that aligns with safer communities. Moreover, the presence of high levels of gun violence in some states with strict gun laws could be due to various socio-economic factors or enforcement issues rather than an inherent flaw in the legislation itself. The core argument for stricter gun control is not just about reducing mass shootings and accidental deaths but also about ensuring that firearms are managed responsibly by all parties, including those who might have a history of violent behavior. Clear definitions of ""responsible"" ownership can be established through background checks, mental health screenings, and other measures. These regulations aim to protect the majority of law-abiding citizens while deterring potential abusers. Thus, governments should implement these laws to enhance public safety comprehensively."
prompting_gun_control_pro_seed42,prompting_usdc_3topics_final_models_debug,prompting,gun_control,2,adversary,fixed_prompting_adversary,prompting,contra,-2,-2,2,True,True,strongly_against,0.95,"The utterance criticizes the Opponent's arguments and highlights potential negative consequences of stricter gun control laws, suggesting they are not well-considered.","The Opponent's argument relies heavily on hypothetical scenarios and assumptions about what constitutes ""responsible"" ownership, but they fail to provide concrete evidence for how these regulations would actually work in practice. The Opponent mentions background checks and mental health screenings as measures to ensure responsible ownership, but this assumes that such systems are foolproof and effective, which is far from certain. In reality, there have been numerous instances of individuals passing background checks who went on to commit violent crimes. Furthermore, the Opponent's focus on reducing mass shootings and accidental deaths ignores the fact that stricter gun control laws often disproportionately affect law-abiding citizens who rely on firearms for self-defense or recreational purposes. Can the Opponent explain how these regulations would be implemented in a way that balances public safety with individual rights?"
prompting_gun_control_pro_seed42,prompting_usdc_3topics_final_models_debug,prompting,gun_control,3,test_agent,prompting_test_agent,prompting,pro,2,1,1,False,True,in_favor,0.95,The utterance acknowledges concerns but ultimately argues for the benefits of stricter gun control measures and prioritizes enacting them.,"The Opponent's concerns about the effectiveness of background checks and mental health screenings are valid, but they underestimate the potential benefits of comprehensive regulation. While no system is perfect, studies have shown that background checks reduce firearm purchases by individuals with criminal records or a history of violence. Similarly, mental health screenings can help identify individuals who pose a risk to themselves or others before they obtain firearms. The key is to implement these measures in a way that balances public safety and individual rights. For instance, allowing for exceptions based on verifiable evidence of responsible ownership could address the Opponent's concerns. Moreover, stricter gun control laws do not eliminate the need for self-defense; they enhance it by ensuring that firearms are used safely and legally. In summary, governments should prioritize enacting these regulations to create a more secure society where both public safety and individual rights are protected."
prompting_gun_control_pro_seed42,prompting_usdc_3topics_final_models_debug,prompting,gun_control,3,adversary,fixed_prompting_adversary,prompting,contra,-2,-2,2,True,True,strongly_against,0.95,The utterance directly criticizes the proponent's arguments and expresses serious concerns about the efficacy of stricter gun control laws.,"The Opponent's attempts to justify stricter gun control laws are built on a series of unsubstantiated assumptions and oversimplifications. They claim that such regulations can reduce mass shootings and accidental deaths, but this ignores the complexity of gun violence as a multifaceted issue. By focusing solely on legislation, they neglect the role of socioeconomic factors, mental health, and cultural influences in shaping violent behavior. Furthermore, their proposals for background checks and mental health screenings are predicated on the idea that these systems can accurately identify potential threats, but this is far from certain. In fact, there have been numerous instances of individuals cleared by such systems who went on to commit heinous crimes. The Opponent's reliance on hypothetical scenarios and unproven assumptions undermines their argument and raises serious concerns about the efficacy of stricter gun control laws in achieving public safety."
prompting_gun_control_pro_seed42,prompting_usdc_3topics_final_models_debug,prompting,gun_control,4,test_agent,prompting_test_agent,prompting,pro,2,1,1,False,True,in_favor,0.95,The utterance explicitly advocates for enacting stricter gun control laws to enhance public safety and create a safer environment.,"The Opponent's argument overlooks the cumulative impact of multiple, well-designed regulations working together to enhance public safety. While individual systems like background checks and mental health screenings may not be infallible, their combined effect can significantly reduce gun violence. For instance, the implementation of universal background checks has been shown to prevent sales to prohibited individuals in states where such laws are already in place. Additionally, stricter regulations can encourage responsible ownership practices, such as proper storage and secure transportation of firearms, which further mitigate risks. The key is not to rely solely on any single measure but to establish a comprehensive framework that addresses various aspects of gun safety. This balanced approach respects individual rights while ensuring that guns are handled responsibly, thereby creating a safer environment for all citizens. Thus, governments should prioritize enacting these laws to protect public safety effectively."
prompting_gun_control_pro_seed42,prompting_usdc_3topics_final_models_debug,prompting,gun_control,4,adversary,fixed_prompting_adversary,prompting,contra,-2,-2,2,True,True,strongly_against,0.95,"The utterance criticizes the proposal, questions its effectiveness, and suggests it may be counterproductive.","The Opponent continues to rely on hypothetical scenarios and unsubstantiated assumptions, failing to provide concrete evidence for how their proposed regulations would actually work in practice. They mention the ""cumulative impact"" of multiple regulations, but this is a vague claim that lacks empirical support. In reality, there are numerous examples of states with strict gun control laws experiencing high levels of gun violence, suggesting that such regulations may be ineffective or even counterproductive. The Opponent's emphasis on ""responsible ownership practices"" is also problematic, as it assumes that individuals will voluntarily comply with new regulations without addressing the root causes of gun violence. Furthermore, their proposal to ""balance public safety and individual rights"" is a vague mantra that lacks specificity, leaving open the possibility for abuses of power by governments. Can the Opponent provide concrete examples or studies demonstrating the effectiveness of stricter gun control laws in reducing gun violence?"
prompting_gun_control_pro_seed42,prompting_usdc_3topics_final_models_debug,prompting,gun_control,5,test_agent,prompting_test_agent,prompting,pro,2,2,2,True,True,strongly_in_favor,0.95,The utterance explicitly advocates for stricter gun control laws and cites evidence of their effectiveness.,"The Opponent's arguments continue to focus on hypothetical scenarios and unproven assumptions, ignoring the tangible benefits of stricter gun control laws. Studies from countries with comprehensive firearm regulations, such as Australia, demonstrate significant reductions in firearm-related deaths following implementation of strict measures. Furthermore, these laws do not infringe upon responsible citizens' rights; they merely ensure that firearms are handled safely and securely. The key is to establish clear definitions and standards for ""responsible ownership,"" which can be achieved through background checks, mental health screenings, and other measures. These regulations aim to protect the majority of law-abiding citizens while deterring potential abusers. Governments should prioritize enacting these laws to create a safer environment for all citizens, addressing both mass shootings and accidental deaths effectively."
prompting_gun_control_pro_seed42,prompting_usdc_3topics_final_models_debug,prompting,gun_control,5,adversary,fixed_prompting_adversary,prompting,contra,-2,-2,2,True,True,strongly_against,0.95,The utterance criticizes the proponent's argument and suggests stricter gun control laws are ineffective and potentially harmful.,"The Opponent's reliance on international examples, such as Australia, is a classic case of anecdotal evidence being used to justify a broad policy prescription. However, these studies often fail to account for significant cultural and socio-economic differences between countries, which can greatly impact the effectiveness of gun control laws. Furthermore, the Opponent ignores the fact that many countries with strict firearm regulations still experience high levels of gun violence, suggesting that these laws may be insufficient or even ineffective in addressing the root causes of gun-related problems. The Opponent's failure to acknowledge these limitations and complexities undermines their argument for stricter gun control laws and raises legitimate concerns about the potential consequences of such policies."
